TIER,Domain,Name,Industry Groups,Keywords,Description,Social URLs,Score,Employees,Similarity,Start Date,Street,City,State,Zip,Country,Phones,Public Emails,Redirect Domain,Update Date
A,factorloads.com,FactorLoads,"FINANCIAL_SERVICES:0.36, SUPPLY_CHAIN_AND_PROCUREMENT:0.32","factorloads freight:0.71, freight factoring:0.67, trucking factoring:0.66, factorloads truck:0.65, factoring freight:0.64, factoring trucking:0.64, factorloads business:0.64, truck factoring:0.63, delivery factorloads:0.62, factoring truckers:0.61, companies factorloads:0.61, factorloads offer:0.56, services trucking:0.56, factoring service:0.56, invoicing cash:0.41","FactorLoads is a freight factoring company that provides cash flow solutions for trucking companies and freight brokers. Its main functionality includes offering various payment options such as truck freight factored, spot factoring, and invoice factoring to help trucks receive payments quickly after delivery. Key features include no monthly fees, transparent contracts without hidden charges, and tailored programs for small and medium-sized trucking businesses, ensuring they can focus on their operations while receiving immediate cash flow.","https://www.linkedin.com/company/insight-technology-inc, https://www.facebook.com/factorloads.insighttechnologyinc, https://www.instagram.com/factorloads",8,51-200,100,2023-01-18,820 S 300 W,Heber City,UT,84032,US,+18662180030,"funding@factorloads.com, startyourcompany@factorloads.com, elite@factorloads.com, ar@factorloads.com, advances@factorloads.com, sales@factorloads.com, billing@factorloads.com, sar@factorloads.com",,2026-04-13
A,compassfs.net,Compass Funding Solutions,FINANCIAL_SERVICES:0.98,"compass funding:0.61, funding compass:0.6, credit compass:0.59, compassfs net:0.53, offer compass:0.52, contact compassfs:0.51, compass ensures:0.5, compass insurance:0.49, factor compass:0.48, financing transportation:0.47, invoices freight:0.44, factoring service:0.42, cash flow:0.38, fees application:0.38, cfs clients:0.38","Compass Funding Solutions provides factoring and funding services specifically for transportation companies. Their main functionality includes same-day funding options, allowing clients to convert freight bills into cash within 24 hours. Key features include simple account setup, flexible contracts with no fees, and bundled savings packages that lower insurance rates. The company also offers business tools for tracking invoices and managing finances efficiently.","https://www.linkedin.com/company/compass-funding-solutions, https://www.facebook.com/compassfs, https://www.instagram.com/compass_funding_solutions, https://apps.apple.com/us/app/compass-holding/id1181587901, https://play.google.com/store/apps/details?id=com.compassholding",114,51-200,92,2017-04-27,115 55Th St.,Clarendon Hills,IL,60514,US,"+16305604890, +16308489584, +18886000237, +18448998092","unsubscribe@compassholding.net, contact@compassfs.net, legal@compassholding.net",,2026-03-30
A,tbsfactoring.com,"TBS Factoring Service, LLC",FINANCIAL_SERVICES:0.99,"freight factoring:0.65, factoring freight:0.63, factoring trucking:0.57, factoring trucker:0.56, help freight:0.55, services freight:0.53, tbs factoring:0.52, benefits freight:0.51, haul tbs:0.48, bookkeeping freight:0.47, trucking authority:0.47, using tbs:0.43, factoring services:0.42, discount fuel:0.38, brokers streamlined:0.36","TBS Factoring Service provides freight factoring and trucking authority services to help drivers secure immediate compensation for their loads. Their main functionality includes same-day processing, competitive rates, and a GPS-based app that simplifies the process of submitting paperwork. Key features include free credit checks, access to financial reports, and support for starting a trucking business with necessary permits and licenses. TBS has over 50 years of experience in the transportation industry and offers personalized customer service throughout the factoring process.","https://www.linkedin.com/company/tbs-factoring-service-llc1, https://www.facebook.com/129178777126848, https://twitter.com/https://twitter.com/tbsfactoring, https://twitter.com/tbsfactoring, https://www.youtube.com/channel/UCWgSwGgAtHN07lMLUDsEbmg/feed, https://apps.apple.com/us/app/tbs-get-paid/id1438166003, https://play.google.com/store/apps/details?id=com.tbsfactoring.factoringapp",355,51-200,92,2016-06-09,7740 Nw 85Th Terrace,Oklahoma City,OK,73132,US,"+18002077661, +14055284493","privacy@tbsokc.com, info@tbsokc.com, legal@tbsokc.com",,2026-04-02
A,summar.com,Summar Financial,FINANCIAL_SERVICES:1.0,"summar financial:0.63, financial summar:0.54, funding summar:0.49, summar partner:0.48, summardillo trusted:0.47, summar shield:0.45, funding freight:0.45, freight factoring:0.44, trucking companies:0.42, covers summar:0.41, financial skip:0.41, protect brokers:0.4, credit guarantee:0.35, flexible payroll:0.34, recourse fuel:0.32","The website offers information and resources related to financial products, particularly focusing on the SIPA (Securities & Investment Promotion) sector. It provides details about various investment opportunities in this area, including a 12-month warranty on investments made through its subsidiary, SME. The site also features news updates and insights into market trends and product offerings for investors. Users can find contact information for inquiries and subscribe to newsletters for regular updates.","https://www.linkedin.com/company/summar-financial-llc, https://www.facebook.com/summarfinancial, https://www.instagram.com/summarfinancial, https://twitter.com/https://twitter.com/summarfinancial, https://twitter.com/summarfinancial, https://www.youtube.com/@summarfinancial",335,51-200,92,2016-10-16,2299 Sw 27 Ave,Miami,FL,33145,US,"+17864067300, +17868668777",marketing@summar.com,,2026-03-31
A,rivierafinance.com,Riviera Finance,FINANCIAL_SERVICES:1.0,"invoice factoring:0.66, factoring invoice:0.61, invoices riviera:0.52, cash factoring:0.49, factoring services:0.48, flow invoice:0.47, riviera finance:0.47, invoice processing:0.47, factoring needs:0.45, advantages invoice:0.45, cash invoice:0.44, freight factoring:0.44, financing invoice:0.44, factoring purchase:0.44, factoring accounts:0.43","Riviera Finance offers invoice factoring solutions that allow businesses to purchase their accounts receivable for immediate cash. Their services are tailored to various industries, enabling quick turnaround times of up to 24 hours for funding requests. Key features include a responsive customer service team, an online portal for managing invoices and payments, and the ability to fund growth without diluting equity or debt. Riviera Finance aims to enhance cash flow while providing reliable financing options for small and medium-sized enterprises across multiple industries.","https://www.linkedin.com/company/riviera-finance, https://www.facebook.com/rivierafinance, https://www.instagram.com/riviera.finance, https://twitter.com/rivierafinance, https://x.com/rivierafinance, https://www.youtube.com/user/RivieraFinance",99,51-200,91,2019-12-04,220 Avenue I,Redondo Beach,CA,90277,US,"+18008727484, +19167245277",info@rivierafinance.com,,2026-03-19
A,bobtail.com,Bobtail,FINANCIAL_SERVICES:1.0,"bobtail mastercard:0.56, factoring fleet:0.54, bobtail factoring:0.52, factoring fees:0.49, trucking help:0.48, card factoring:0.48, bobtail fleet:0.46, fleet card:0.45, payments fuel:0.42, truck month:0.4, brokers factor:0.39, bank issuer:0.37, monthly setup:0.36, logistics trustpilot:0.35, term commitment:0.32","Bobtail offers fleet card and factoring solutions designed for trucking businesses to enhance cash flow and fuel savings. The service allows users to make same-day or next-day payments for loads or invoices, track spending in real-time, and manage invoicing through a mobile app. Key features include competitive pricing with no monthly fees, automated reporting, and dedicated customer support available in multiple languages. Bobtail also provides insights on freight markets and payment processes, ensuring transparency and efficient management of financial transactions.","https://www.linkedin.com/company/bobtail, https://www.facebook.com/bobtailcapital, https://www.instagram.com/bobtailcapital, https://apps.apple.com/pk/app/bobtail-app/id6443498223, https://play.google.com/store/apps/details?id=com.bobtail.app",231,51-200,91,2018-10-26,9466 Georgia Ave,Silver Spring,MD,20910,US,+14102042084,hello@bobtail.com,,2026-04-11
A,singlepointgroup.com,Single Point Capital,FINANCIAL_SERVICES:1.0,"businesses houston:0.54, texas businesses:0.51, companies houston:0.5, houston communities:0.46, point capital:0.46, texas nationwide:0.46, single point:0.44, point logistics:0.43, point insurance:0.42, serve texas:0.42, capital home:0.38, financing serve:0.37, start trucking:0.35, flexibility operational:0.33, highlight headings:0.3","Single Point Capital offers invoice factoring and financing solutions tailored for small to medium-sized businesses in various industries, including transportation, staffing, manufacturing, and distribution. Their main functionality is to provide immediate cash flow against unpaid invoices, helping companies improve their operations and expand. Key features include customized financing options, a fuel discount program for truckers, and support for starting new businesses, all aimed at enhancing cash flow and operational efficiency.","https://www.linkedin.com/company/singlepointcapital, https://www.facebook.com/singlepointcapital, https://www.instagram.com/singlepointcapital, https://x.com/singlepointcap, https://www.youtube.com/@singlepointcapital3043",122,51-200,90,2017-03-28,1960 Bypass Rd W,Humble,TX,77338,US,"+12815060600, +18007715633","factoring@singlepointgroup.com, info@singlepointcapital.com, info@singlepointgroup.com",,2026-04-11
A,commercialfund.com,Commercial Funding Inc.,FINANCIAL_SERVICES:1.0,"ar financing:0.64, financing equipment:0.6, financing asset:0.59, financing solutions:0.58, financing company:0.58, financing needs:0.58, financing invoice:0.54, financing factoring:0.54, funding accounts:0.53, based loans:0.53, industries funding:0.52, receivable financing:0.52, cash flow:0.48, role cash:0.46, business referral:0.37","Commercial Funding Inc. provides accounts receivable financing and invoice factoring solutions for businesses across various industries, including transportation, oil & gas, construction, manufacturing, and staffing. Their main services include asset-based loans that use existing assets as collateral for revolving lines of credit, DIP financing, and equipment financing. The company focuses on delivering fast and flexible funding options tailored to meet the specific needs of small businesses in these markets, ensuring efficient processing and support throughout the application process.","https://www.linkedin.com/company/commercial-fund, https://www.youtube.com/channel/UCzvvse4A9q94EW8ETdVIzSw",273,51-200,90,2018-04-18,2024 N. Tryon St.,Charlotte,NC,28202,US,"+17047310031, +18002222307, +18885756501","californiaprivacyrequest@commercialfund.com, info@commercialfund.com",,2026-04-17
A,corpbill.com,Corporate Billing,"FINANCIAL_SERVICES:0.87, BUSINESS_PRODUCTS_AND_SERVICES:0.08","corporate billing:0.64, billing team:0.51, recourse billing:0.51, billing meet:0.5, billing web:0.5, billing cbcharge:0.49, billing smooth:0.48, billing non:0.47, business help:0.46, repair business:0.45, help companies:0.45, customer service:0.42, credit agents:0.4, trucking automotive:0.39, cash 877:0.37","Corporate Billing offers flexible factoring solutions designed to help businesses in various industries, including automotive, transportation, oil and gas, manufacturing, and staffing. Their main functionalities includeourse billing, non-recourse billing for quick access to capital, and cbCharge, which simplifies the process of securing funding through a simple online portal. Clients can complete applications, submit invoices for payment 24/7, and receive payments within 24 hours without hidden fees or long-term contracts. The service aims to reduce credit risk and improve cash flow while enabling companies to grow by providing quick accessto capital.","https://www.linkedin.com/company/corporate-billing, https://www.facebook.com/corpbill, https://x.com/corpbill",230,51-200,89,2016-09-28,239 Johnston Street Se,Decatur,AL,35602,US,"+12565843600, +12565843680, +18775843600","credit@corpbill.com, customerservice@corpbill.com, sales@corpbill.com",,2026-03-20
A,bigthinkcapital.com,Big Think Capital,FINANCIAL_SERVICES:1.0,"business loans:0.65, business lending:0.65, business loan:0.63, loans business:0.61, business financing:0.6, business funding:0.56, loans big:0.55, lending solutions:0.55, loans essential:0.55, sba loans:0.53, loans insights:0.53, loans online:0.53, loans tailored:0.5, finance big:0.49, online funding:0.49","Big Think Capital is a lending service that provides tailored funding solutions for small businesses. It offers various loan options, including SBA loans, term loans, working capital lines of credit, commercial real estate loans, and invoice factoring, all designed to help entrepreneurs access flexible financial support for growth and operational needs. The platform simplifies the application process through transparent terms, expert guidance, and a streamlined experience for clients looking to secure fast and flexible financing solutions.","https://www.linkedin.com/company/bigthinkcapital.com, https://www.facebook.com/bigthinkcapital, https://www.instagram.com/big_think_capital, https://twitter.com/bigthinkcapital, https://twitter.com/https://twitter.com/bigthinkcapital, https://twitter.com/https://x.com/bigthinkcapital, https://www.tiktok.com/@gobigthinkcapital",301,51-200,89,2017-10-31,201 Broadway,New York,NY,10018,US,"+18442007201, +16464000563","hello@bigthinkcapital.com, info@bigthinkcapital.com",,2026-04-03
A,farwestcapital.com,Far West Capital,FINANCIAL_SERVICES:1.0,"business financing:0.57, financing solutions:0.52, financing factoring:0.51, business funding:0.5, offers financing:0.5, finance companies:0.47, financial solutions:0.45, capital business:0.45, based lending:0.44, capital offers:0.43, businesses far:0.43, west capital:0.42, lending abl:0.42, capital client:0.41, freight factoring:0.39","Far West Capital is a business financing and factoring company that provides various financial solutions for small businesses. Their main services include asset-based lending, invoice factoring, transportation freight factoring (TFO), and customized business financing options tailored to meet specific client needs such as fast growth of accounts receivable, slow paying net 30 to 90 customers, and refinancing for companies with challenging credit histories. Far West Capital operates on bank-owned funding principles, meaning they do not use external sources for their loans, which helps lower costs compared to traditional banks.","https://www.linkedin.com/company/far-west-capital, https://www.facebook.com/109116775819953, https://www.facebook.com/farwestcapital",314,51-200,89,2016-05-10,4605 Post Oak Place Dr,Houston,TX,77027,US,"+15125271100, +15125271142, +18324852385, +19155986800, +19158673998","info@farwestcapital.com, davidp@farwestcapital.com, japodaca@farwestcapital.com, lorena@farwestcapital.com",,2026-03-17
B,fleetonefactoring.com,WEX Capital,FINANCIAL_SERVICES:1.0,"freight factoring:0.6, factoring freight:0.58, fleet factoring:0.58, fees factoring:0.56, trucking factoring:0.55, factoring wex:0.54, fees wex:0.52, invoice factoring:0.52, factoring operates:0.5, pay factoring:0.49, invoice freight:0.48, start factoring:0.48, capital freight:0.48, factoring companies:0.48, load factoring:0.45","WEX Capital offers freight factoring services specifically designed for truckers. The service simplifies invoicing, improves load management, and provides quick payment options, with the ability to get paid within 24 hours without hidden fees or charges. Key features include access to a large database of legitimate loads, mobile app and web tools for submitting invoices, and a fuel card program that offers discounts on fuel. WEX Capital aims to enhance cash flow and improve overall business operations by handling invoice collection and payments efficiently.","https://apps.apple.com/us/app/fleetdocs/id1098303367?mt=8, https://play.google.com/store/apps/details?id=com.fleetdocs.in",197,11-50,100,2016-08-12,1 Hancock Street,Portland,ME,04101,US,"+18003141871, +18772758801, +18332255939",privacy@wexinc.com,wexcapital.com,2026-04-02
B,truckingfactoring.com,Corporate Finance New York LLC,FINANCIAL_SERVICES:0.95,"trucking factoring:0.59, factoring trucking:0.57, freight factoring:0.56, invoices truckers:0.53, factoring freight:0.52, truckingfactoring com:0.52, freight bills:0.5, startup freight:0.5, trucking companies:0.49, trucking started:0.48, trucking transportation:0.48, carriers trucking:0.46, factoring startups:0.45, started invoices:0.44, billing credit:0.41","1st Trucking Factoring offers freight factoring services for trucking companies, startups, and carriers. The main purpose of this service is to help these companies improve cash flow by providing immediate funding on unpaid freight bills, typically within 24 hours after load delivery. Key features include non-recourse billing options, online credit checks, electronic invoice submission, and a fuel program that accepts fuel discounts at over 6,400 truck stops across the U.S. and Canada. The process involves an application process, approval, invoicing, and ongoing management of funds to ensure timely payments without delays.",,19,11-50,100,2017-08-03,,New York,NY,,US,"+16463081428, +18008216950, +18888216950","info@truckingfactoring.com, info@1sttrucking.com",,2026-04-15
B,nextdayfundinginc.com,Next Day Funding Inc,FINANCIAL_SERVICES:0.98,"nextdayfundinginc com:0.63, ar nextdayfundinginc:0.61, day funding:0.55, contact 2026:0.45, funding fast:0.44, funding home:0.44, contact day:0.41, funding rights:0.36, trucking business:0.36, hesitate contact:0.34, com client:0.31, login contact:0.29, enter credentials:0.28, il 60411:0.25, ave ford:0.24","Next Day Funding Inc. is a financial service that provides funding solutions for trucking businesses. Its main purpose is to help companies secure fast, flexible, and effective funding to enhance their competitiveness and profitability. The company offers various financing options tailored to different business needs, including interest-free loans and equipment leasing. Clients can contact them via email or phone for inquiries related to funding processes.",,156,11-50,95,2019-08-15,21000 Torrence Ave,Ford Heights,IL,60411,US,+12244042141,ar@nextdayfundinginc.com,,2026-04-11
B,hmdfinancial.com,HMD Financial,FINANCIAL_SERVICES:1.0,"freight factoring:0.61, factoring freight:0.58, freight invoice:0.56, trucking factoring:0.55, hmd trucking:0.53, invoice factoring:0.52, services freight:0.5, make freight:0.48, freight brokerage:0.47, factor fees:0.47, operations trucking:0.46, factoring services:0.46, requirements freight:0.44, accelerate delivery:0.4, hmd financial:0.4","HMD Financial provides freight invoice factoring services to trucking owners and carriers. The main functionality is to accelerate the payment of invoices, with up to 99% advances available for those unable to collect within 24 hours. Customers can submit financing requests online or through a mobile app, and HMD Financial offers quick payouts and straightforward financing terms without hidden fees. Additionally, they have a Fuel & Maintenance Program designed to help clients reduce fuel costs while ensuring timely delivery of goods.","https://www.linkedin.com/company/hmd-financial, https://www.facebook.com/hmdfinancial",105,11-50,94,2022-03-01,10031 Virginia Ave,Chicago Ridge,IL,60415,US,"+12606240401, +13127788777, +16303266066, +17083986237, +17089985706, +18882158523",,,2026-03-28
B,ezfreightfactoring.com,EZ Freight Factoring,"FINANCIAL_SERVICES:0.9, SUPPLY_CHAIN_AND_PROCUREMENT:0.08","freight factoring:0.67, factoring freight:0.63, ez freight:0.57, truck factoring:0.56, freight bills:0.54, quote freight:0.53, money freight:0.53, option freight:0.53, flow freight:0.52, freight brokerages:0.51, livestock freight:0.5, solutions trucking:0.47, factoring fuel:0.47, invoice factoring:0.45, fuel cash:0.43","EZ Freight Factoring provides freight bill factoring services for trucking companies and freight brokers. The main functionality is to allow trucks to receive cash advances on their outstanding freight invoices, with access to up to 98% of the value within 24 hours after payment. Key features include month-to-month contracts, no hidden fees, and flexible funding options tailored to various business needs, such as fuel advances and equipment purchases. The service aims to improve cash flow for truckers by allowing them to accept more paying loads while minimizing waiting periods.",,147,11-50,94,2019-12-10,25101 Chagrin Blvd,Cleveland,OH,44122,US,"+18554648440, +18554658869",,,2026-04-03
B,porterfreightfunding.com,Porter Freight Funding,FINANCIAL_SERVICES:1.0,"trucking factoring:0.68, freight factoring:0.68, factoring trucking:0.67, services trucking:0.63, services freight:0.59, help trucking:0.58, trucking companies:0.58, freight funding:0.58, choose freight:0.57, trucking fleet:0.56, personalized freight:0.55, porter freight:0.54, savings freight:0.54, trusted trucking:0.52, truck financing:0.51","Porter Freight Funding provides freight factoring services specifically designed for trucking companies and their operations. The main functionality is to help trucksing owners, fleet owners, and owner-operators improve cash flow by offering same-day funding with transparent pricing and no hidden fees. Key features include a streamlined process for managing invoices, flexible contracts, and specialized fuel card programs that allow businesses to save on fuel costs. Porter Freightfunding aims to simplify the financing process for its clients while ensuring transparency and support throughout the payment process.","https://www.linkedin.com/company/porter-freight-funding, https://www.facebook.com/people/porter-freight-funding/61563874143987, https://www.facebook.com/porterfreightfunding, https://www.instagram.com/porterfreightfunding, https://www.youtube.com/@porterfreightfunding855, https://www.youtube.com/channel/UCM2TPkQVxxtplpc1hZUD-tA, https://www.tiktok.com/@porterfreightfunding, https://apps.apple.com/us/app/portergo-by-porter-freight/id6502882583, https://play.google.com/store/apps/details?id=com.porterfreight.fuel",152,11-50,94,2020-11-12,2112 1St Avenue North,Birmingham,AL,35203,US,"+12053970934, +12565028200, +12052088285, +12053974062, +12056374937",,,2026-04-06
B,thunderfunding.com,Thunder Funding,FINANCIAL_SERVICES:1.0,"thunderfunding freight:0.64, freight factoring:0.61, factoring freight:0.6, freight invoices:0.58, services trucking:0.57, form freight:0.56, factoring trucking:0.56, trucking companies:0.54, load freight:0.54, focused freight:0.51, freight america:0.5, money trucking:0.5, trucking start:0.47, business transportation:0.44, terms service:0.36","Thunder Funding is a factoring service designed for trucking companies to streamline their cash flow by turning freight invoices into cash quickly. The process involves setting up an account, which allows users to submit invoicing and manage fuel advance requests through the Thunder Mobile App. Key features include clear pricing with no long-term commitments, real-time cash tracking, and support from a dedicated team that manages back-office processes until invoiced are paid.","https://www.linkedin.com/company/thunder-carrier-services-llc, https://www.linkedin.com/company/thunderfunding, https://www.facebook.com/707478912612537, https://www.facebook.com/thunderfunding, https://www.instagram.com/thunderfunding, https://twitter.com/thunderfunding, https://x.com/thunderfunding, https://apps.apple.com/us/app/thunder-funding-fuel-finder/id6476509901",208,11-50,93,2017-10-18,2433 Impala Drive,Carlsbad,CA,92010,US,"+18002404140, +15097682249","support@northwestregisteredagent.com, info@thunderfunding.com",,2026-04-09
B,carriernet.com,CarrierNet,FINANCIAL_SERVICES:0.99,"trucking financial:0.69, financing trucking:0.69, provider trucking:0.69, trucking factoring:0.66, trucking businessstarting:0.65, invoice trucking:0.63, trucking business:0.63, trucking companies:0.62, apply trucking:0.61, freight factoring:0.6, account freight:0.57, financing transportation:0.57, load trucking:0.56, freight invoices:0.55, submit freight:0.52","CarrierNet is a freight factoring company that provides financing solutions for trucking companies through its receivables and invoices. Users can apply for an account, submit freight invoicing, and receive immediate funding options, including same-day or next-day payments from freight brokers. The service also offers educational resources, training, and support to help truckers improve their cash flow and manage their financial needs effectively.","https://www.linkedin.com/company/carriernet-group-financial-inc., https://www.facebook.com/carriernet-group-financial-inc-180330065345211, https://x.com/carriernetgroup, https://www.youtube.com/channel/UCSe3yrdKRapnDFqop5yfkRw, https://www.youtube.com/channel/UCSe3yrdKRapnDFqop5yfkRw/playlists",164,11-50,93,2021-05-27,500 W. 10Th St,Sioux Falls,SD,57101,US,"+16052716306, +16053064111, +16053356039, +18004256757, +18777472807",info@carriernet.com,,2026-03-17
B,mjnservices.com,"MJN Services, Inc.","SUPPLY_CHAIN_AND_PROCUREMENT:0.86, FINANCIAL_SERVICES:0.12","freight factoring:0.65, factoring freight:0.61, freight brokers:0.58, factoring trucking:0.58, best freight:0.57, freight agent:0.56, succeed freight:0.55, ship factoring:0.54, partner freight:0.54, trucking companies:0.54, freight invoices:0.52, trucking success:0.52, factoring services:0.51, invoice factoring:0.48, shipping services:0.47","MJN Services is a freight factoring and shipping solutions provider that offers same-day invoice factoring for trucking companies, freight brokers, and independent carriers. Its main functionality includes facilitating fast cash flow through automated invoicing, providing competitive pricing, and managing loadings efficiently. Key features include a secure transportation management platform (TMS) for easy load management, dedicated support from experienced professionals, and a focus on transparency and quick funding options to help businesses grow.","https://www.linkedin.com/company/mjn-services, https://www.facebook.com/mjnservices, https://www.instagram.com/mjnservices",105,11-50,93,2022-03-15,3300 N Triumph Blvd,Lehi,UT,84043,US,"+12016080409, +12016080412, +12017032210, +12017112104, +12018050411, +12022071911, +12023011103, +12024080510, +12024080511, +12025091612, +18017059030","support@mjnservices.com, info@mjnservices.com",,2026-03-18
B,factoringexpress.com,Factoring Express,FINANCIAL_SERVICES:1.0,"invoice factoring:0.55, invoices factoring:0.55, invoices trucking:0.52, truck factoring:0.5, trucking payment:0.48, factoring services:0.47, invoices fast:0.46, business factoring:0.46, gas factoring:0.45, invoices cash:0.45, factoring payroll:0.45, factoring fee:0.42, florida factoring:0.42, cash instantly:0.4, contractors instant:0.39","Factoring Express is a factoring service that helps businesses in Florida convert unpaid invoices into immediate cash. The process involves gathering information, submitting outstanding invoicing, and receiving funding within 24 hours, typically up to 97% of the value. Key features include same-day approval for certain services, flexible financing options based on various industries such as transportation, staffing, construction, and oil and gas. The company aims to streamline the payment process while allowing companies to focus on their core operations.","https://www.linkedin.com/company/18315252, https://www.linkedin.com/company/factoring-express, https://www.facebook.com/factoringexpress, https://twitter.com/fexpressllc",198,11-50,93,2017-10-28,16001 Collins Ave,Sunny Isles Beach,FL,33160,US,"+18002851964, +18886142999, +18003208405, +18887549895",,,2026-04-11
B,grtplains.com,Great Plains Transportation Services,FINANCIAL_SERVICES:0.99,"invoice factoring:0.61, factoring invoice:0.56, transportation factoring:0.52, plains transportation:0.45, flow factoring:0.45, cash flow:0.43, invoices cash:0.43, factoring programs:0.42, factoring accounts:0.41, maximize trucking:0.41, help business:0.37, success factoring:0.37, rates programs:0.37, funding great:0.36, process benefits:0.34","Great Plains Transportation Services offers invoice factoring and accounts receivable funding solutions for small to mid-sized businesses in the transportation industry. Their main functionality is to buy invoices or debts over time, providing quick access to cash, often within 24 hours. Key features include personalized financial management, competitive rates, and a focus on customer support throughout the process. Great Plains aims to help clients grow by handling their cash flow and ensuring timely payment.","https://www.linkedin.com/company/great-plains-transportation, https://www.facebook.com/people/great-plains-transportation-services-inc/100063480823234, https://x.com/grtplainsinc",234,11-50,93,2016-06-02,923 N State St,Fairmont,MN,56031,US,"+18003248214, +19528307202, +15072380220",contact@grtplains.com,,2026-03-17
B,factortek.com,FactorTek,FINANCIAL_SERVICES:0.99,"freight factoring:0.69, trucking factoring:0.68, factortek freight:0.67, factoring freight:0.67, factortek trucking:0.66, factoring trucking:0.66, factoring truckers:0.63, trucking paid:0.56, trucking companies:0.55, solutions trucking:0.54, invoices trucking:0.54, fleet factoring:0.53, faster freight:0.53, factoring service:0.5, factortek factoring:0.49","FactorTek is a freight factoring company that helps trucking businesses get paid quickly for their unpaid invoices. It offers tailored solutions for owner-operators and small fleets, providing immediate cash flow to cover fuel and expenses. Key features include 24/7 payment processing, dedicated support from an executive, and transparent pricing with no hidden fees. FactorTek aims to eliminate delays in payments and ensure reliable financial solutions for its clients.","https://www.linkedin.com/company/factortek, https://www.facebook.com/factortek, https://www.instagram.com/factortek__, https://www.youtube.com/@factoringacademy",104,11-50,93,2020-05-15,2801 Nw 74Th Avenue,Miami,FL,33122,US,"+17862288007, +17862977775",operations1@factortek.com,,2026-04-02
B,haulpay.io,HaulPay,FINANCIAL_SERVICES:0.92,"freight factoring:0.56, freight finance:0.54, freight payments:0.53, trucking logistics:0.51, digital freight:0.48, factoring payments:0.48, integrates haulpay:0.45, factoring finance:0.44, invoice factoring:0.43, tasks freight:0.43, factoring automate:0.41, automate invoicing:0.4, payments software:0.4, automate risk:0.36, improve credit:0.36","HaulPay is a digital platform that provides freight finance, payment automation, and load board solutions for the trucking and logistics industry. Its main functionality includes automating back office processes, facilitating debt-free financing to reduce credit risks, and offering quick payment options such as same-day or next-day payments. HaulPay also integrates with transportation technology to streamline invoicing and transactions, while ensuring transparency in its offerings to support carriers and their customers.","https://www.linkedin.com/company/haulpay, https://www.facebook.com/gohaulpay, https://twitter.com/haulpay, https://x.com/haulpay",118,11-50,93,2023-11-06,235 E. Broadway,Long Beach,CA,90802,US,+18886335558,support@haulpay.io,,2026-04-16
B,gsquaredfunding.com,"G Squared Funding, LLC",FINANCIAL_SERVICES:1.0,"services trucking:0.53, trucking companies:0.49, sector trucking:0.48, gsf credit:0.47, factoring services:0.46, working gsf:0.46, clients transportation:0.45, freight broker:0.44, transportation companies:0.44, transportation squared:0.43, agency financial:0.43, squared funding:0.41, invoicing brokers:0.41, challenges carriers:0.37, fuel card:0.33","Festival Street Kitchen is a family-owned restaurant in Basingstoke that offers a variety of homecooked meals made from fresh, locally sourced ingredients and a menu featuring healthy options with no added gluten or dairy. The restaurant also provides corporate catering services for events such as weddings and parties, along with a KidsPlay Area that features an interactive kids' zone. Customers can order food online and download the restaurant's app for easy access to their menus and event information.","https://www.linkedin.com/company/g-squared-financial-llc, https://www.facebook.com/gsquaredfunding, https://www.instagram.com/gsquaredfunding, https://www.youtube.com/channel/UCUoJF4U2GWf7JLX6-a7GDRA",108,11-50,92,2019-02-03,8215 Roswell Road,Atlanta,GA,30350,US,"+16789874380, +18889427253, +18774545212",,,2026-03-28
B,sevenoakscapital.com,SevenOaks Capital Associates,FINANCIAL_SERVICES:0.99,"sevenoaks express:0.54, apply sevenoaks:0.53, clients sevenoaks:0.5, factor sevenoaks:0.47, industry sevenoaks:0.47, sevenoakscapital com:0.46, sevenoaks capital:0.45, services offer:0.4, services factoring:0.36, 13 approve:0.35, invoice financing:0.35, select broker:0.35, contact helpful:0.34, submit field:0.32, account processor:0.3","SevenOaks Capital Associates provides accounts receivable financing services to help businesses increase their cash flow through invoice financing. Their main functionality includes quick funding on the day of approved invoices, allowing companies to manage immediate expenses such as payroll and operational costs efficiently. Key features include a user-friendly app for easy access to reports, competitive rates, and a referral program that allows clients to earn passive income by referring others.","https://www.linkedin.com/company/sevenoaks-capital, https://www.facebook.com/sevenoakscapital",125,11-50,92,2018-03-20,7854 Via Mail,Dallas,TX,75266,US,"+12257571916, +18005114588, +12257571919","operations@sevenoakscapital.com, sales@sevenoakscapital.com",,2026-03-17
B,carrierfs.com,Financial Carrier Services,"SUPPLY_CHAIN_AND_PROCUREMENT:0.88, FINANCIAL_SERVICES:0.08","freight factoring:0.65, services freight:0.55, factoring services:0.53, partner freight:0.53, logistics fcs:0.52, experience freight:0.52, factoring industry:0.49, trusted freight:0.48, carrier servicesfinancial:0.46, trucking companies:0.46, fcs services:0.45, financial carrier:0.44, services financial:0.43, best rates:0.37, carirer services:0.37","Financial Carrier Services (FCS) offers freight factoring solutions for trucking companies and independent truckers. Their main functionality includes providing financing options such as lines of credit, fuel advances, and cash flow management to help truckers get paid quickly for their loads. FCS offers competitive rates, 100% advances for their partners, and utilizes advanced logistics technology to streamline the factoring process. The company focuses on customer service and aims to enhance the overall logistics experience for its clients.",https://www.facebook.com/people/financial-carrier-services/61564985674438,115,11-50,92,2016-12-04,Po Box 843424,Dallas,TX,75284,US,+18668997080,info@carrierfs.com,,2026-04-16
B,basicblock.io,BasicBlock Factoring,FINANCIAL_SERVICES:1.0,"freight factoring:0.61, trucking factoring:0.58, trucking freight:0.56, basicblock trucking:0.56, trucking invoice:0.56, freight broker:0.56, best freight:0.53, experience trucking:0.5, efficient freight:0.5, trucking app:0.5, send trucking:0.49, fees basicblock:0.46, broker basicblock:0.45, factoring clients:0.41, speed payment:0.41","BasicBlock is a trucking freight factoring payment app designed to streamline the payment process for fleets and carriers. It allows drivers to request payments, track their payment status, and manage past payments without hidden fees or contracts. The platform connects users with over 10,000 brokers, facilitating quick approvals and efficient transactions, ensuring that drivers receive their money quickly and efficiently. BasicBlock aims to eliminate delays in payment processes and enhance transparency in financial services for its partners.","https://www.linkedin.com/company/basicblock, https://www.facebook.com/basicblock, https://twitter.com/basicblock_io, https://apps.apple.com/app/id1565412812, https://play.google.com/store/apps/details?id=io.basicblock.mobile.withtrust",399,11-50,92,2019-07-19,720 O St,Lincoln,NE,68508,US,"+14026000630, +13085392819",hello@basicblock.io,,2026-04-03
B,getscalefunding.com,Scale Funding,FINANCIAL_SERVICES:1.0,"invoice factoring:0.67, funding factoring:0.56, factoring services:0.56, trucking invoice:0.54, factoring management:0.54, streamlined invoice:0.53, services invoice:0.52, scale funding:0.51, invoice processing:0.5, loan invoice:0.5, factoring customer:0.49, funding customer:0.48, experience funding:0.44, broker factoring:0.44, credit services:0.41","Scale Funding provides invoice factoring services to small and midsize businesses across various industries, including trucking, staffing, telecom, and oil & gas. The main functionality of the service is to help companies quickly convert their invoices into cash, enabling them to pay payroll, expenses, or expand operations without upfront fees. Key features include customizable factoring solutions, a streamlined process for managing accounts, and access to over 30 years of industry experience in funding options.","https://www.linkedin.com/company/scale-funding, https://www.linkedin.com/company/tci-business-capital, https://www.facebook.com/tcicapital, https://twitter.com/tcifactoring, https://www.youtube.com/channel/UCR-Li4Ayu8LcW417daAnzyA",83,11-50,92,2023-08-10,7600 Parklawn Ave,Edina,MN,55435,US,"+17094022026, +18007074845, +19526563400, +19526563530, +19528307202",,,2026-03-15
B,transcap.com,Transcap,"FINANCIAL_SERVICES:0.7, SUPPLY_CHAIN_AND_PROCUREMENT:0.26","transcap freight:0.66, trucking freight:0.57, transcap factoring:0.55, cash transcap:0.54, carriers transcap:0.52, freight factoring:0.52, transcap faqs:0.51, lane freight:0.5, start trucking:0.5, factoring trucking:0.5, transcap fuel:0.48, upload freight:0.47, freight invoices:0.46, fast funding:0.32, invoices instant:0.3","Transcap is a freight factoring service that allows trucking companies to receive immediate cash on their carrier invoices. The process involves completing a quick application, and funds are deposited into the company's account within one business day. Key features include no minimum volumes, no long-term commitments, real-time authentication of purchases through SmartQ RFID technology, and easy access to discounts on fuel, tire, and maintenance programs.","https://www.linkedin.com/company/transcapfunding, https://www.facebook.com/transcap-101381892636876, https://www.instagram.com/transcap_funding",111,11-50,92,2022-03-25,30100 Chagrin Blvd,Cleveland,OH,44124,US,+12168599100,"jangersola@transcap.com, info@transcap.com",,2026-03-18
B,rmcapitalgroupinc.com,"RM Capital Group, Inc.",FINANCIAL_SERVICES:0.99,"truck factoring:0.55, freight factoring:0.53, trucking company:0.44, factoring rm:0.44, factoring companies:0.43, capital rm:0.42, factoring services:0.4, better freight:0.4, capital processing:0.37, boost cash:0.37, invoices convenient:0.35, fast credit:0.33, reduce financial:0.32, solution fleet:0.32, fees transparent:0.3","RM Capital Group offers freight factoring solutions for fleet owners and carriers to help them access immediate cash flow through unpaid invoices. Their services include same-day funding, no credit checks, and flexible invoice submissions tailored to the specific needs of trucking companies. Key features include transparent pricing with no hidden fees, a focus on reducing financial stress during operations, and the ability to manage invoice collections efficiently while allowing fleet owners to grow their fleets and cover expenses effectively.","https://www.linkedin.com/rm-capital-group-inc, https://www.facebook.com/people/rm-capital-group/61550482974656",84,11-50,92,2020-10-26,,,,,US,+18882233112,"info@rmcapitalgroupinc.com, sam@rmcapitalinc.com",,2026-04-11
B,gbcfactor.com,General Business Credit,FINANCIAL_SERVICES:1.0,"business credit:0.65, credit service:0.56, truck financing:0.54, financing truck:0.53, truck loan:0.51, credit builds:0.48, financial service:0.47, financing solutions:0.46, loan financial:0.46, loans need:0.46, credit launchpad:0.45, truck factoring:0.43, tailoring financial:0.41, cash socal:0.39, general business:0.37","General Business Credit offers tailored financial solutions for individuals and businesses, focusing on commercial truck financing and hard money loans. Their main services include cash flow protection for qualified invoices, which allows clients to receive immediate cash on their vehicles with up to 95% of approved invoice value. They also provide hard money loan options using property collateral as collateral for real estate transactions and offer personalized support for both new and established business owners looking to enhance their financial growth.",https://www.linkedin.com/company/general-business-credit,167,11-50,92,2017-08-19,110 E. 9Th Street C-900,Los Angeles,CA,90079,US,"+12132449500, +12134430542","support@gbcfactor.com, justin.cha@gbcfactor.com, support@gbctruckloan.com",,2026-04-10
C,truckingcapital.com,Freight Factoring Specialists,FINANCIAL_SERVICES:0.97,"trucking logistics:0.63, freight factoring:0.63, factor freight:0.6, factoring freight:0.6, freight trucking:0.58, choose trucking:0.58, operate trucking:0.57, trucking operation:0.57, companies trucking:0.57, help trucking:0.56, trucking transportation:0.55, choose freight:0.55, transportation invoice:0.49, invoice factoring:0.48, quicker payments:0.39","Freight Factoring Specialists (FSI) offers invoice factoring services to help trucking companies receive their upfront payments within 24-48 hours after a job is placed. The service handles invoicing and collections, allowing drivers to focus on operations while FSS manages risks associated with traditional invoice factors. Key features include transparent pricing without monthly fees, no hidden rates, and the ability to be paid for loads over 30 days without delays. FFS aims to streamline payment processes and improve cash flow for trucking businesses.",https://www.linkedin.com/company/freight-factoring-specialists-llc,610,1-10,95,2016-11-08,,Tallahassee,FL,32301,US,+18137734002,,,2026-03-24
C,factoryourload.com,Integra Freight Management,FINANCIAL_SERVICES:1.0,"freight factoring:0.67, factoring freight:0.63, factoring truckers:0.6, invoices factoring:0.53, freight management:0.52, invoices freight:0.52, payment factoring:0.51, integra freight:0.5, payments truckers:0.5, companies factoring:0.47, flow trucking:0.46, cash trucking:0.45, trucking company:0.45, truckers email:0.42, delivering load:0.35","Integra Freight Management offers a financial service called factoring for truckers to improve cash flow by purchasing outstanding invoices for delivered loads. Truckers can submit invoicing, and the company distributes funds same day, ensuring they receive payments within a few days. The process involves submitting necessary documents such as invoice details and proof of delivery, while factoring companies take on the risk of non-payment or debt repayment without taking on any debt.",https://www.linkedin.com/company/integra-freight-management,214,1-10,94,2018-10-09,2004 L. Don Dodson,Bedford,TX,76021,US,+18444738537,info@factoryourload.com,,2026-03-27
C,ezinvoicefactoring.com,"Factor Finders, LLC","BUSINESS_PRODUCTS_AND_SERVICES:0.57, FINANCIAL_SERVICES:0.43","invoice factoring:0.67, factoring invoice:0.62, invoices factor:0.62, business factoring:0.59, truck factoring:0.55, factoring services:0.54, factoring companies:0.52, ez invoice:0.52, factoring industries:0.49, contract factoring:0.49, services invoice:0.49, recourse factoring:0.49, industries trucking:0.45, boost business:0.38, cash flow:0.34","Factor Finders LLC offers invoice factoring services to help businesses recover unpaid invoices that may have been due for up to 90 days. The service allows companies to submit their invoicing, which are verified and receive cash advances the same day. Key features include no long-term commitments, easy approval processes, and flexibility in funding based on the number of payments made to each invoice. Factor Finders serves various industries such as transportation, construction, manufacturing, and fuel cards, providing quick access to funds while allowing businesses to continue operations without incurring upfront costs.","https://www.linkedin.com/company/factor-finders, https://www.facebook.com/factorfinders, https://x.com/factorfinders, https://www.youtube.com/user/FactorFinders?feature=mhee",255,1-10,94,2016-03-24,25101 Chagrin Blvd,Cleveland,OH,44122,US,"+12162925660, +12166167944, +12166167981, +12168654922, +12169301983",sales@factorfinders.com,,2026-04-07
C,5starfreightfactoring.com,5 Star Freight Factoring,FINANCIAL_SERVICES:1.0,"freight factoring:0.74, trucking factoring:0.71, factoring freight:0.7, factoring trucking:0.68, brokers trucking:0.63, solutions trucking:0.59, factoring transportation:0.58, freight brokers:0.57, trucking industry:0.56, flow freight:0.54, brokers factoring:0.54, star freight:0.49, factoring services:0.49, build factoring:0.47, factor invoices:0.46","5 Star Freight Factoring provides cash flow solutions specifically for trucking companies and freight brokers. Their services include various factoring options such as advance rates, fuel advances, monthly minimums, contract-term contracts, and at-the-pump fuel discounts. The company focuses on creating tailored programs that meet the unique needs of each client, ensuring efficient invoice payment while reducing overhead costs. They also offer a straightforward process for managing factoring requests and payments without extensive effort.","https://www.linkedin.com/company/5-star-freight-factoring, https://www.facebook.com/5starfreightfactoring, https://twitter.com/@freightfactors",302,1-10,94,2017-08-21,,Germantown,WI,53022,US,+18558590769,,,2026-03-29
C,tetracapital.com,Tetra Capital,FINANCIAL_SERVICES:0.96,"freight factoring:0.6, factoring freight:0.57, trucking invoice:0.55, invoice factoring:0.53, freight bills:0.5, tetra freight:0.48, factoring services:0.45, trucking finance:0.44, factoring tetra:0.41, financial transportation:0.4, freight broker:0.4, broker factoring:0.39, services tetra:0.39, assists transportation:0.37, capital processing:0.31","Tetra Capital offers invoice factoring and freight bill factoring services for transportation companies. Their main functionality is to help businesses quickly convert their freight bills into cash, providing quick access to funds without hidden fees or long-term contracts. Key features include automated invoicing processes, a streamlined setup process, and the ability to fund on scanned or faxed copies, with collections typically occurring within 2-3 days.","https://www.linkedin.com/company/tetra-capital, https://www.facebook.com/pages/tetra-capital/419594081488723, https://www.facebook.com/tetracapital, https://twitter.com/tetracapital",220,1-10,94,2015-02-18,6995 S Union Park Center,Cottonwood Heights,UT,84047,US,+18016760182,"matt@tetracapital.com, info@tetracapital.com, giovanni@tetracapital.com",,2026-04-02
C,primefactoring.net,Prime Factoring,"FINANCIAL_SERVICES:0.8, SUPPLY_CHAIN_AND_PROCUREMENT:0.08","freight factoring:0.7, factor freight:0.7, factoring freight:0.68, invoice factoring:0.63, factoring invoice:0.59, freight handling:0.53, services freight:0.52, follow freight:0.5, terms freight:0.49, factoring startup:0.48, prime factoring:0.47, customers hauling:0.45, business prime:0.44, invoice send:0.43, trucks select:0.39","Prime Factoring offers invoice factoring services for businesses that convert unpaid invoices into immediate working capital. They assist companies in securing funding for freight and service-based businesses by verifying invoicing and sending cash directly to their accounts, typically within 24 hours. Key features include no hidden fees, zero confusion regarding payment terms, and the ability to quickly pay drivers and cover expenses while maintaining a strong cash flow.","https://www.linkedin.com/company/prime-factoring-net, https://www.facebook.com/people/prime-factoring/61574857701952, https://www.instagram.com/prime.factoring",77,1-10,93,2022-08-15,5212 Highway 11 N,Ellisville,MS,39437,US,+16018009154,apply@primefactoring.net,,2026-04-03
C,cashwayfunding.com,Cashway Funding,FINANCIAL_SERVICES:0.99,"cashway factoring:0.61, trucking cashway:0.6, freight factoring:0.6, factoring trucking:0.57, funding trucking:0.57, credit freight:0.56, charge cashway:0.54, freight payments:0.54, cashway funding:0.53, solutions trucking:0.53, trucking businesses:0.52, service factoring:0.49, invoices factoring:0.48, login freight:0.48, billing solution:0.47","Cashway is a freight factoring service that provides immediate cash flow solutions for trucking businesses. It allows users to generate quick-pay for freight invoices by uploading, email, or faxing delivery paperwork, with funds available on the same day. Key features include no obligation, low monthly fees, free load boards, and online reporting options like the Cashway TCS Fuel Card for fuel discounts. The service aims to help trucking companies maintain stable cash flow without requiring upfront payment.","https://www.linkedin.com/company/cashway-funding, https://www.facebook.com/cashwayfunding, https://x.com/cashwayfunding, https://www.youtube.com/@cashwayfunding1354",154,1-10,93,2016-09-22,615 Molly Lane,Woodstock,GA,30189,US,"+16783698527, +18777793621, +18887521443",info@cashwayfunding.com,,2026-03-22
C,prime-factoring.com,Prime Factoring,FINANCIAL_SERVICES:1.0,"business factoring:0.62, invoice factoring:0.59, factoring business:0.58, factoring services:0.55, prime factoring:0.55, factoring financial:0.54, freight factoring:0.54, factoring company:0.54, factoring provider:0.53, business prime:0.49, prime services:0.49, specialized factoring:0.49, factoring benefit:0.49, factoring truck:0.48, labor factoring:0.48","Playground IEP is a platform that provides AI-powered tools for managing Independent Education Plans (IEPs) and student progress monitoring. Its main functionality includes automated IEP scheduling, customizable lesson plans, and the ability to generate standards-aligned goals for students with disabilities. Key features include automated tracking of student progress, personalized support strategies, built-in privacy settings, and integration with state standards to streamline operations and improve educational outcomes. The platform also offers resources for schools and districts, including onboarding assistance and workshops tailored for special education professionals.","https://www.linkedin.com/company/prime-factoring, https://www.instagram.com/primefactoringllc/?hl=en, https://x.com/primefactoring",107,1-10,93,2021-11-21,8131 Metcalf Ave,Overland Park,KS,66204,US,"+18888813770, +19133915100","sales@prime-factoring.com, accounts@prime-factoring.com",,2026-03-31
C,factorplus.net,FactorPlus,FINANCIAL_SERVICES:0.99,"freight factoring:0.69, factoring freight:0.67, services factoring:0.6, factorplus services:0.59, factoring needs:0.58, factoring financial:0.56, factoring invoices:0.56, factoring company:0.55, companies factorplususa:0.54, international factoring:0.53, faq factorplus:0.51, es factoring:0.51, factor plus:0.5, factoring recourse:0.5, fuel factorplus:0.5","FactorPlus is a financial service that provides immediate payment for transportation invoices, particularly those purchased by small fleet owners and operators. The process involves submitting paperwork to receive funds in under six hours, allowing businesses to manage their cash flow effectively. Key features include a fuel card program for savings on expenses, a streamlined invoice submission process, and support from trained staff for any issues or questions related to financing.",,223,1-10,93,2019-06-05,2100 Coral Way,Miami,FL,33145,US,"+17865226185, +17866070827",support@factorbrokers.net,,2026-04-03
C,turbofactoring.com,Turbo Factoring,FINANCIAL_SERVICES:1.0,"trucking factoring:0.63, freight factoring:0.63, turbo factoring:0.62, factoring freight:0.61, truckers factoring:0.59, factoring trucks:0.58, speed invoices:0.53, apply turbo:0.52, rates trucking:0.51, factoring financial:0.5, factoring service:0.5, factor loads:0.49, funding invoices:0.48, factoring rate:0.45, recourse factoring:0.44","Turbo Factoring offers a same-day freight factoring service specifically designed for trucking companies and carriers. The service allows users to collect their pending invoices, review them for funding, and receive immediate cash instantly within hours. Key features include 24/7 access through an online account management portal, competitive rates starting at 1.5%, and various factoring options such as recourse and non-recourse factoring. Turbo Factoring aims to enhance cash flow and improve profitability for its clients in the trucking industry.",,85,1-10,93,2023-07-20,,,,,US,,,,2026-03-30
C,xleratefinancial.com,XLerate Financial,FINANCIAL_SERVICES:0.99,"xlerate financial:0.64, businesses xlerate:0.53, partners xlerate:0.52, financial guided:0.5, trucking business:0.49, business experienced:0.48, financial understand:0.47, financial delivers:0.45, expand business:0.45, partnerships clients:0.44, xleratefinancial com:0.44, business ready:0.43, success business:0.43, factoring companies:0.41, flow service:0.34","XL manifold Financial offers factoring services tailored for trucking businesses to enhance cash flow management and operational efficiency. The company provides clients with access to quick and reliable funding options, including invoice rebates, refinancing, and equipment leasing. Their software allows clients to manage their accounts easily and ensure transparency in financial transactions, helping them focus on business growth or operational efficiency while XLModern Financial handles the entire process.","https://www.linkedin.com/company/xlerate-financial, https://www.facebook.com/xleratefinancial, https://www.instagram.com/xleratefinancial",83,1-10,93,2023-01-30,2600 N Military Trail,Boca Raton,FL,33431,US,+13145284470,"remittances@xleratefinancial.com, sales@xleratefinancial.com, remittance@xleratefinancial.com, contracts@xleratefinancial.com, info@xleratefinancial.com, privacy@xleratefinancial.com, collections@xleratefinancial.com",,2026-03-24
C,loadxfactoring.com,LoadX Factoring,"FINANCIAL_SERVICES:0.41, SUPPLY_CHAIN_AND_PROCUREMENT:0.35","freight factoring:0.65, factoring freight:0.63, factoring truckers:0.62, fed factoring:0.54, loadx factoring:0.52, invoice factored:0.51, factoring companies:0.49, cash trucking:0.48, factoring offers:0.48, loadx logistics:0.48, trucking business:0.48, trucking expensive:0.47, start factoring:0.45, terms contracts:0.4, setup fees:0.37","LoadX Factoring is a freight factoring service designed specifically for truckers. It allows trucking companies to receive cash back on their invoices quickly, typically within one day. Key features include same-day payouts, no hidden fees or setup costs, and the ability to send necessary paperwork via email for invoice processing. The platform also offers free credit checks and provides consulting services to help trucking businesses grow and improve their operations.","https://www.linkedin.com/company/loadxfactoring, https://www.facebook.com/loadxfactoring, https://www.instagram.com/loadxfactoring, https://twitter.com/loadxfactoring",100,1-10,93,2022-04-20,7717 Milwaukee Ave,Lubbock,TX,79424,US,+15128624046,"paperwork@loadxfactoring.com, support@loadxfactoring.com",,2026-04-14
C,flexent.com,Flexent,FINANCIAL_SERVICES:1.0,"factoring lending:0.57, lending help:0.53, lending freight:0.51, lending accounts:0.51, lending solution:0.49, based lending:0.48, traditional lenders:0.46, receivable financing:0.44, lenders asking:0.43, flexent cash:0.43, faster credit:0.42, finance business:0.42, financing cash:0.42, factoring company:0.4, freight factoring:0.4","Flexent is a financial services company that provides tailored accounts receivable financing, asset-based lending, and freight factoring to help businesses access cash flow quickly. Their main functionality includes unlocking outstanding invoices and receivables as collateral for growth, allowing companies to grow without being constrained by traditional credit lines. Key features include same-day cash flow solutions, personalized service, and the ability to fund operations in various industries such as staffing, logistics, and security. Flexent aims to simplify the process of securing capital for businesses with short-term commitments or no upfront fees.","https://www.linkedin.com/company/flexent-program, https://www.facebook.com/flexentfinance, https://x.com/flexent01011995, https://x.com/flexentfinance, https://www.youtube.com/@FlexentFreight",79,1-10,92,2021-05-04,6421 Canon Way,Gloucester,VA,23061,US,"+15152432335, +18046932796, +18774369032",,,2026-04-01
C,txswcapital.com,TX Southwest Capital,FINANCIAL_SERVICES:1.0,"invoice factoring:0.63, factoring invoices:0.61, freight factoring:0.48, invoicing payment:0.48, factoring services:0.47, factoring deliver:0.45, invoices waiting:0.45, fast payment:0.45, factoring offers:0.44, factoring better:0.43, factor saving:0.43, business financing:0.39, optimizing cash:0.38, flow factoring:0.37, southwest capital:0.25","TX Southwest Capital offers invoice factoring services to help businesses improve their cash flow by providing immediate cash solutions through a straightforward application process. Their main functionality includes managing accounts receivable, facilitating quick payment of invoices within 24 hours after receiving them, and offering tailored financing options for various industries such as trucking, manufacturing, payroll, and staffing. Key features include no upfront fees or long-term commitments, expert management of accounts receivables, and the ability to access funds without requiring extensive documentation like bank loans.",https://www.linkedin.com/company/tx-southwest-capital,79,1-10,92,2023-08-14,,Houston,TX,77001,US,,,,2026-04-01
C,transwestcapital.com,Transwest Capital,FINANCIAL_SERVICES:1.0,"invoices transwest:0.54, factoring transwest:0.5, working transwest:0.48, freight factoring:0.42, transwest capital:0.42, factoring companies:0.41, invoice factoring:0.4, trucking staffing:0.39, industries served:0.36, contractors b2b:0.35, transports customer:0.35, company advance:0.34, fuel credit:0.32, oversight outsourced:0.3, nationwide setup:0.27","Transwest Capital offers invoice factoring services that provide quick access to funding for small businesses. Their main functionality is to help companies quickly convert unpaid invoices into cash, with a simple application process and approval process within hours. Key features include automated billing through their web portal, dedicated account managers, and transparent pricing without hidden fees. They cater to various industries such as transportation, construction, and government contracting, ensuring reliable financing to support business growth.","https://www.linkedin.com/company/transwest-capital-inc, https://www.facebook.com/transwestcapital",283,1-10,92,2017-12-13,1700 W Walnut Ave,Visalia,CA,93277,US,"+15597411301, +18777411301","ar@transwestcapital.com, sales@transwestcapital.com, support@transwestcapital.com",,2026-04-12
C,commercecommercialcredit.com,"Commerce Commercial Credit, Inc.",FINANCIAL_SERVICES:1.0,"trucking invoice:0.58, financing services:0.55, financing factoring:0.52, financed invoices:0.51, business credit:0.5, factoring fees:0.5, trucking companies:0.49, invoice factoring:0.49, customers banks:0.49, factoring bank:0.47, flow finance:0.46, factoring companies:0.45, help financial:0.45, upfront fees:0.44, quote commerce:0.38","Commerce Commercial Credit, Inc. offers invoice factoring and asset-based financing solutions for businesses across various industries to enhance working capital and improve cash flow. Their services include funding accounts receivable, purchase order financing, and fleet fuel cards, all with no upfront fees or hidden fees. The process is quick, often within 24-48 hours, allowing businesses to quickly access funds without the need for monthly payments or additional debt.",https://www.linkedin.com/company/commerce-commercial-credit,207,1-10,92,2017-08-30,6500 River Place Blvd,Austin,TX,78730,US,"+13123804818, +18009287004, +18009297004, +18556956700",raul@1stcommercialcredit.com,,2026-04-07
C,commonwealthmn.com,"Commonwealth Capital, LLC",FINANCIAL_SERVICES:0.99,"freight factoring:0.61, funding freight:0.57, trucking factoring:0.55, factoring truckers:0.52, serve freight:0.51, businesses minnesota:0.5, trucking contact:0.5, truckers payroll:0.49, factoring businesses:0.49, minnesota factoring:0.49, invoice factoring:0.46, minnesota commonwealth:0.46, industries serve:0.41, receivables industries:0.4, invoices commonwealth:0.4","Commonwealth Capital is a Minnesota-based factoring company that provides quick cash flow solutions for small to medium-sized businesses. Their main services include accounts receivable factoring, payroll funding, and freight factoring. They act as an outsourced credit department, allowing clients to focus on growing their sales while managing payments and collection tasks. The company emphasizes personalized service and aims to simplify the process of securing funding for their clients across the Upper Midwest.","https://www.linkedin.com/company/commonwealth-capital-llc, https://twitter.com/benvanzee",128,1-10,92,2019-03-19,10800 Lyndale Ave S,Minneapolis,MN,55420,US,+19524694460,,,2026-04-13
C,widestreamcapital.com,Widestream Capital,FINANCIAL_SERVICES:1.0,"fees simple:0.46, factoring fuel:0.46, fuel discounts:0.45, broker credit:0.45, set fees:0.44, low fees:0.43, services factoring:0.43, fee structure:0.42, fuel advance:0.4, factoring widestream:0.39, load credit:0.38, funding brokers:0.38, widestream capital:0.35, experience financial:0.34, approved 24:0.3","Widestream Capital provides a factoring service that helps truck drivers secure cash payments for their invoices. The main functionality includes advancing up to 50% of the invoice amount before hauling loads, checking broker credit checks 24/7, and offering fuel discounts at over 5,100 locations nationwide. There are no set-up fees or long-term contracts, allowing users to choose which brokers they want to factor with without commitment. The service is available year-round and offers quick approvals and online tracking of invoicing through an app.","https://www.linkedin.com/company/widestream-capital-inc, https://www.facebook.com/widestreamcapitalinc, https://twitter.com/widestreamcaptl, https://www.youtube.com/channel/UCcIfT-B-EQiwObNA41gZSwA",160,1-10,92,2018-06-29,109 Ambersweet Way,Davenport,FL,33897,US,"+13606355665, +18009398022",info@widestreamcapital.com,,2026-04-10
C,tmanagementgroup.com,Transportation Management Group,FINANCIAL_SERVICES:1.0,"freight factoring:0.73, trucking factoring:0.72, factoring freight:0.7, truck factoring:0.7, factoring truckers:0.67, services trucking:0.65, trucking freight:0.64, service trucking:0.64, services freight:0.61, help trucking:0.6, decide freight:0.59, trucking companies:0.59, service factoring:0.57, truckers providing:0.55, contractor factoring:0.54","Transportation Management Group (TMG) provides freight factoring services for trucking companies and other logistics providers. Their main functionality includes same-day funding on invoices, monthly factoring agreements without long-term contracts, and offering fuel cards with discounts at major fuel stops. TMG focuses on customer service, ensuring that clients receive support throughout the process, and offers a nationwide network of over 1,000 factoring options across multiple states.","https://www.linkedin.com/company/t-management-group, https://www.linkedin.com/company/transportation-management-group-inc., https://www.facebook.com/people/transportation-management-group/100089519352463, https://www.instagram.com/tmanagementgroup.inc",130,1-10,92,2017-01-03,3176 Hill Rd.,Petersburg,TN,37144,US,"+14158440555, +19312732301, +19318086577, +19316599299",,,2026-03-31
C,trilogy.money,"Trilogy Solutions, LLC",FINANCIAL_SERVICES:1.0,"services trucking:0.61, transportation brokerage:0.56, logistics trilogy:0.52, services fuel:0.52, freight factoring:0.52, trucking industry:0.51, factoring trucking:0.51, portal freight:0.46, logistics turbo:0.45, trilogy carriers:0.44, factoring services:0.44, flow business:0.39, customers help:0.39, nationwide maintenance:0.38, solutions llc:0.37","Trilogy Solutions, LLC offers factoring services specifically for the trucking industry. Their main functionality is to provide quick and dependable funding on open invoices within 24 hours, with no hidden fees. They also offer a Fuel Card program that helps carriers save on fuel expenses at thousands of truck stops across the United States. The company utilizes technology and automation to streamline processes, allowing clients to directly contact Trilogy team 24/7 for assistance and information.","https://www.linkedin.com/company/tril-ogy-solutions-llc, https://www.facebook.com/trilogysolutionsllc, https://www.instagram.com/trilogysolutionsllc",110,1-10,92,2023-04-11,2037 Old Chandler Rd,Gainesville,GA,30507,US,"+17705213045, +18445213045","sales@trilogy.money, info@trilogy.money",,2026-03-25
